brand_alcatel,brand_apple,brand_asus,brand_blu,brand_htc,brand_huawei,brand_infinix,brand_lenovo,brand_lg,brand_nokia,brand_samsung,brand_sony,brand_xiaomi,brand_zte,Status_Available,Status_Coming,Status_Discontinued,SIM_Micro-SIM,SIM_Mini-SIM,SIM_Nano-SIM,SIM_eSIM,2G,3G,4G,5G,Announced,Weight,Length,Width,Diameter,Display Size,ppi,body ratio,battery_capacity,Price,CPU,ratio,pixel,Loudspeaker,3.5mm jack,RAM,Storage,Color_count,Sensors_count,Bluetooth_version,OS
6.938893903907228e-18,0.0,0.020408163265306128,0.010204081632653066,0.010204081632653059,0.06122448979591838,0.0663265306122449,0.005102040816326578,0.005102040816326592,0.035714285714285726,0.14795918367346944,6.938893903907228e-18,0.520408163265306,0.11734693877551022,1.0000000000000002,2.168404344971009e-19,4.440892098500626e-16,2.7755575615628914e-17,2.7755575615628914e-17,0.9693877551020407,0.030612244897959166,1,1,0,0,2021,196.37244897959184,163.1515306122449,75.66173469387755,8.524489795918367,6.618214285714285,398.0867346938776,85.69438775510204,4775.637755102041,299.79341836734693,7.999999999999999,2.2222222222222223,2592000.0,0,0,6.397959183673468,125.38775510204081,3,5,4.832142857142857,0.0
0.16129032258064518,0.0,0.0967741935483871,0.03225806451612902,0.032258064516129045,0.16129032258064516,0.0,0.22580645161290322,0.0,0.0,0.25806451612903225,1.3877787807814457e-17,0.0,0.032258064516129045,0.09677419354838707,0.0,0.9032258064516129,0.4838709677419355,0.4193548387096774,0.09677419354838707,3.469446951953614e-18,1,0,0,0,2014,312.18064516129033,191.60967741935485,113.41612903225807,9.845161290322581,7.0,170.00000000000003,63.84516129032258,3661.6129032258063,152.25806451612902,3.0322580645161286,1.7777777777777777,614400.0000000001,0,1,1.0362903225806452,9.677419354838705,2,1,3.564516129032258,0.0
0.0,0.0,0.0,-6.938893903907228e-18,0.0,0.19999999999999998,0.0,0.0,0.5,0.0,0.20000000000000004,0.0,0.09999999999999999,0.0,1.0,0.0,0.0,0.0,-2.7755575615628914e-17,0.8,0.20000000000000004,1,1,1,0,2019,186.7,158.45,74.6,8.45,6.418,536.9000000000001,85.5,3910.0,686.392,6.4,0.5555555555555556,4492800.000000001,0,0,7.0,147.2,3,6,4.98,0.0
0.09859154929577468,0.0,0.05633802816901409,0.28169014084507044,0.05633802816901411,0.08450704225352113,0.01408450704225352,0.07042253521126761,0.02816901408450702,0.11267605633802819,2.7755575615628914e-17,0.01408450704225353,0.0704225352112676,0.11267605633802816,0.9999999999999999,-2.168404344971009e-19,0.0,0.04225352112676056,2.7755575615628914e-17,0.9577464788732395,-3.469446951953614e-18,1,1,0,0,2018,160.65492957746477,152.25774647887323,72.8774647887324,8.761971830985916,5.6678873239436625,283.0422535211268,75.00140845070422,3077.042253521127,117.88732394366194,5.802816901408451,1.9887323943661972,1036800.0,0,1,2.056338028169014,23.88732394366197,2,3,4.223943661971831,0.0
0.041420118343195256,0.0,0.09467455621301774,0.035502958579881644,0.11834319526627218,0.05917159763313611,-3.469446951953614e-18,0.07692307692307696,0.07100591715976334,0.0059171597633136085,0.19526627218934917,0.15384615384615385,0.04142011834319527,0.10650887573964499,0.1301775147928994,0.0,0.8698224852071008,0.4556213017751479,0.00591715976331364,0.5384615384615384,0.0,1,0,0,0,2014,153.69171597633135,147.8869822485207,73.48343195266273,8.149112426035503,5.28508875739645,418.5976331360947,70.8094674556213,2825.7692307692305,274.26035502958575,6.153846153846153,1.7777777777777777,2073600.0,0,0,2.594674556213018,26.082840236686383,2,4,4.070414201183432,0.0
0.0,0.0,0.0,-6.938893903907228e-18,1.3877787807814457e-17,0.0,0.0,0.0,0.0,6.938893903907228e-18,0.0,0.9999999999999999,1.3877787807814457e-17,1.3877787807814457e-17,0.9999999999999999,0.0,0.0,0.0,2.7755575615628914e-17,0.8333333333333333,0.16666666666666666,1,1,1,0,2020,194.41666666666666,166.38333333333333,72.21666666666667,8.549999999999999,6.5,643.0,82.15,4221.666666666666,918.7616666666667,8.0,2.333333333333333,6312960.0,0,0,10.333333333333332,309.3333333333333,2,6,5.133333333333333,0.0
0.01923076923076922,0.0,0.019230769230769232,-1.3877787807814457e-17,0.15384615384615385,0.07692307692307691,-3.469446951953614e-18,0.0576923076923077,0.17307692307692307,0.019230769230769235,0.4038461538461539,1.3877787807814457e-17,0.019230769230769232,0.05769230769230771,0.11538461538461525,-2.168404344971009e-19,0.8846153846153846,0.17307692307692307,2.7755575615628914e-17,0.826923076923077,0.0,1,1,1,0,2015,178.08461538461538,154.65192307692308,77.75384615384615,8.273076923076923,5.6134615384615385,533.5000000000001,72.52115384615385,3240.9615384615386,360.7692307692308,6.461538461538462,1.7777777777777777,3686400.0,0,0,3.5576923076923075,44.0,3,6,4.092307692307692,0.0
0.049504950495049514,0.0,0.009900990099009896,0.07920792079207922,0.12871287128712872,0.06930693069306929,-6.938893903907228e-18,0.05940594059405942,0.15841584158415842,0.019801980198019802,0.37128712871287134,0.004950495049504955,0.0,0.04950495049504951,0.034653465346534795,2.168404344971009e-19,0.9653465346534656,0.301980198019802,0.6881188118811881,0.009900990099009688,-3.469446951953614e-18,1,0,0,0,2012,137.90396039603962,125.9589108910891,65.93811881188118,10.866336633663366,4.168019801980198,226.04455445544562,59.46534653465346,1697.079207920793,145.29702970297026,2.267326732673267,1.6666666666666667,383999.99999999977,0,1,0.7188950340346532,5.714356435643587,2,2,3.1836633663366336,0.0
0.0,0.0,0.0,0.0,0.0,1.3877787807814457e-17,0.0,0.0,0.0,0.0,0.0,0.9999999999999999,1.3877787807814457e-17,0.0,0.33333333333333337,0.0,0.6666666666666666,0.0,2.7755575615628914e-17,1.0,0.0,1,1,1,0,2015,185.0,154.93333333333334,76.2,7.833333333333334,5.486666666666666,804.6666666666666,70.03333333333333,3363.3333333333335,243.33333333333334,8.0,1.7777777777777777,8294399.999999999,0,1,3.3333333333333335,42.666666666666664,3,6,4.3999999999999995,0.0
0.0,0.0,0.0,6.938893903907228e-18,0.2857142857142857,0.14285714285714285,0.0,0.0,0.42857142857142855,0.0,0.0,0.14285714285714288,1.3877787807814457e-17,0.0,0.8571428571428572,2.168404344971009e-19,0.1428571428571429,0.0,2.7755575615628914e-17,1.0,0.0,1,1,1,0,2017,175.71428571428572,154.04285714285714,73.85714285714286,8.3,5.957142857142857,541.1428571428571,80.47142857142858,3518.5714285714284,542.8571428571428,7.428571428571429,2.0,4147200.0,0,0,4.857142857142857,86.85714285714285,3,6,4.771428571428571,0.0
0.024999999999999998,0.0,0.1,-6.938893903907228e-18,0.05000000000000002,0.09999999999999999,0.05000000000000002,0.05,0.125,0.05,0.025000000000000022,0.07500000000000001,0.2,0.15000000000000002,1.0,0.0,0.0,-5.551115123125783e-17,2.7755575615628914e-17,1.0,0.0,1,1,1,0,2017,174.625,156.1975,74.865,8.3625,5.94925,407.2,78.0025,3675.25,287.5,7.8999999999999995,2.0,2332800.0,0,0,4.0,56.0,2,4,4.5725,0.0
0.1506849315068493,0.0,0.0,0.027397260273972594,0.12328767123287673,0.1780821917808219,0.0,0.013698630136986308,0.13698630136986303,0.0,0.26027397260273977,0.08219178082191783,1.3877787807814457e-17,0.027397260273972608,-1.1102230246251565e-16,0.0,1.0,0.02739726027397263,0.9726027397260275,0.0,0.0,1,0,0,0,2011,118.77260273972603,113.4054794520548,60.82191780821918,11.945205479452055,3.4252054794520554,169.20547945205485,50.82465753424658,1394.041095890411,103.01369863013696,2.0,1.5,153600.0,0,0,0.4303831335616439,1.9601776541095859,2,2,2.7465753424657535,0.0
0.026143790849673207,0.0,0.12418300653594772,0.026143790849673193,0.07843137254901962,0.0718954248366013,-6.938893903907228e-18,0.07189542483660132,0.16993464052287582,0.0196078431372549,0.18954248366013074,0.05882352941176471,0.058823529411764705,0.10457516339869283,0.31372549019607837,-2.168404344971009e-19,0.6862745098039216,0.4705882352941177,0.04575163398692808,0.4836601307189543,0.0,1,1,0,0,2015,160.7267973856209,150.21633986928106,75.72156862745098,8.706535947712418,5.356732026143791,275.562091503268,69.51503267973857,3122.679738562091,190.84967320261435,5.0588235294117645,1.7777777777777777,921599.9999999999,0,1,1.8562091503267972,16.575163398692816,2,3,4.0359477124183005,0.0
0.0,0.0,0.4,-6.938893903907228e-18,0.2,-1.3877787807814457e-17,0.0,0.0,0.0,0.0,0.4000000000000001,0.0,0.0,0.0,0.2,0.0,0.8,0.0,-2.7755575615628914e-17,1.0,0.0,1,0,1,0,2015,375.0,222.08,151.5,6.64,8.84,290.6,72.68,5810.0,274.0,6.4,1.3333333333333333,3145728.0,0,1,2.8,25.599999999999998,2,4,4.14,0.0
0.04504504504504505,0.0,0.0,0.1351351351351351,0.027027027027027035,0.03603603603603603,0.06306306306306307,0.03603603603603604,0.07207207207207209,0.15315315315315317,0.20720720720720726,6.938893903907228e-18,0.15315315315315314,0.07207207207207209,1.0,2.168404344971009e-19,1.1102230246251565e-16,2.7755575615628914e-17,0.0,1.0,-3.469446951953614e-18,1,1,0,0,2021,194.43693693693695,165.05045045045046,76.24054054054054,8.892792792792793,6.533333333333333,268.7837837837838,81.82342342342342,4706.936936936937,129.1387387387387,7.495495495495495,2.2222222222222223,1152000.0,1,0,3.135135135135135,58.37837837837837,2,3,4.688288288288288,0.0
0.0,0.0,0.0,0.0,0.0,0.0,0.0,0.0,0.0,0.0,1.0,0.0,0.0,0.0,1.0,0.0,0.0,0.0,0.0,0.5,0.49999999999999994,1,1,1,1,2022,729.0,326.4,208.6,5.5,14.6,239.5,90.35,11200.0,1175.0,8.0,1.6,5470080.0,0,0,10.0,192.0,1,6,5.25,0.0
0.09615384615384615,0.0,0.028846153846153848,0.07692307692307691,0.2403846153846154,0.08653846153846154,-3.469446951953614e-18,0.0673076923076923,0.13461538461538464,0.0,0.15384615384615388,0.07692307692307693,0.0,0.03846153846153847,0.03846153846153849,-2.168404344971009e-19,0.9615384615384617,0.5384615384615385,0.42307692307692313,0.038461538461538436,3.469446951953614e-18,1,0,0,0,2013,144.18461538461537,135.76826923076922,68.82692307692308,9.652884615384616,4.688076923076923,236.60576923076923,64.76442307692308,2116.0096153846152,185.28846153846152,3.1923076923076916,1.7777777777777777,518399.99999999977,0,1,1.0120192307692306,7.307692307692307,2,2,3.502884615384615,0.0
-6.938893903907228e-18,0.0,-6.938893903907228e-18,0.013333333333333322,1.3877787807814457e-17,0.33333333333333337,0.013333333333333329,0.09333333333333335,0.026666666666666672,0.0,0.1466666666666667,6.938893903907228e-18,0.26666666666666666,0.10666666666666667,1.0,0.0,0.0,2.7755575615628914e-17,0.0,0.92,0.08000000000000002,1,1,1,0,2019,181.76133333333334,157.82133333333334,74.48266666666666,8.252,6.384666666666666,403.8266666666667,85.10933333333334,3858.5333333333333,384.2753333333333,7.893333333333333,0.5555555555555556,2527200.0,0,0,5.68,101.97333333333334,3,5,4.898666666666667,0.0
0.0,0.0,0.0,0.0,0.0,1.3877787807814457e-17,0.0,0.0,0.0,0.0,1.0,0.0,1.3877787807814457e-17,0.0,1.0,0.0,0.0,0.0,2.7755575615628914e-17,0.6666666666666666,0.33333333333333326,1,1,1,1,2021,576.0,285.1333333333333,185.13333333333333,5.7,12.4,266.0,84.5,10089.999999999998,950.0,8.0,1.6,4905600.0,0,0,8.666666666666666,170.66666666666663,3,6,5.166666666666666,0.0
0.0,0.0,0.0,-6.938893903907228e-18,0.0,-1.3877787807814457e-17,0.0,0.0,0.0,0.0,0.0,0.9999999999999999,0.0,0.0,1.0,0.0,0.0,-5.551115123125783e-17,0.0,0.6,0.39999999999999997,1,1,1,0,2020,166.6,156.7,68.5,8.27,6.1,449.5,80.99,4224.0,466.168,8.0,2.333333333333333,2721600.0,0,0,6.2,108.8,3,5,5.1,0.0
-6.938893903907228e-18,0.0,0.0,-6.938893903907228e-18,0.0,-1.3877787807814457e-17,0.0,-1.3877787807814457e-17,1.3877787807814457e-17,6.938893903907228e-18,0.40909090909090917,6.938893903907228e-18,0.5909090909090909,1.3877787807814457e-17,1.0,0.0,1.1102230246251565e-16,-2.7755575615628914e-17,2.7755575615628914e-17,0.5909090909090909,0.40909090909090906,1,1,1,0,2021,205.18636363636364,162.20909090909092,76.88181818181818,8.295454545454545,6.721363636363637,521.0,89.1,4829.090909090909,557.1245454545455,8.0,2.181818181818182,4608218.181818183,0,0,8.90909090909091,157.09090909090912,3,6,5.177272727272728,0.0
0.0,0.0,0.0,0.0,0.0,1.3877787807814457e-17,0.0,0.0,0.9999999999999999,0.0,0.0,0.0,1.3877787807814457e-17,0.0,1.0,0.0,0.0,0.0,2.7755575615628914e-17,1.0,0.0,1,1,1,0,2021,201.0,166.5,77.3,9.3,6.55,280.0,91.9,5000.0,170.0,8.0,1.7777777777777777,1440000.0,1,1,4.666666666666666,106.66666666666667,2,3,5.0,0.0
0.0,0.0,0.0,6.938893903907228e-18,0.0,1.3877787807814457e-17,0.0,0.0,0.0,0.0,1.0,0.0,1.3877787807814457e-17,0.0,1.0,2.168404344971009e-19,0.0,0.0,2.7755575615628914e-17,1.0,0.0,1,1,1,0,2017,177.28571428571428,157.55714285714285,74.41428571428571,7.928571428571429,6.0,412.1428571428571,77.95714285714286,3400.0,341.42857142857144,8.0,0.5555555555555556,2397600.0,1,1,4.142857142857142,50.285714285714285,3,5,4.885714285714286,0.0
0.0,0.0,0.0,0.07407407407407406,0.07407407407407408,0.11111111111111112,0.0,1.3877787807814457e-17,0.2962962962962963,6.938893903907228e-18,0.3703703703703704,6.938893903907228e-18,1.3877787807814457e-17,0.07407407407407408,-5.551115123125783e-17,2.168404344971009e-19,1.0,0.11111111111111113,0.8888888888888888,0.0,0.0,1,0,0,0,2011,106.70740740740742,106.71111111111111,59.31111111111112,12.133333333333333,3.010370370370371,133.40740740740742,44.66666666666667,1307.7777777777778,95.92592592592592,2.0,1.3333333333333333,76800.0,0,1,0.3814380787037037,1.8828848379629548,2,2,2.814814814814815,0.0
0.0,0.0,0.0,-6.938893903907228e-18,1.3877787807814457e-17,0.0,0.0,0.0,0.0,6.938893903907228e-18,0.0,1.3877787807814457e-17,1.0,1.3877787807814457e-17,0.9999999999999999,2.168404344971009e-19,0.0,0.0,2.7755575615628914e-17,0.5714285714285714,0.4285714285714285,1,1,1,1,2022,199.71428571428572,162.1,75.34285714285714,8.528571428571428,6.67,446.0,87.95714285714286,5071.428571428571,413.0014285714286,8.0,2.2222222222222223,3308640.0,0,0,9.142857142857142,219.42857142857144,3,6,5.342857142857143,0.0
0.0,0.0,0.0,0.14285714285714285,0.0,0.0,0.0,0.0,0.5714285714285714,6.938893903907228e-18,0.28571428571428575,6.938893903907228e-18,1.3877787807814457e-17,1.3877787807814457e-17,0.0,2.168404344971009e-19,1.0,0.9999999999999999,0.0,0.0,3.469446951953614e-18,1,1,0,0,2013,286.7285714285714,177.29999999999998,118.37142857142857,8.4,6.771428571428571,206.85714285714286,66.61428571428571,3558.5714285714284,252.85714285714286,3.1428571428571432,1.3333333333333333,786432.0,0,1,1.3571428571428572,19.71428571428572,2,3,3.742857142857143,0.0
0.10256410256410256,0.0,0.0,0.1282051282051282,0.07692307692307693,0.10256410256410256,0.025641025641025633,0.02564102564102564,0.20512820512820512,0.10256410256410256,0.12820512820512822,1.3877787807814457e-17,0.10256410256410256,2.7755575615628914e-17,0.9999999999999998,2.168404344971009e-19,0.0,0.0,2.7755575615628914e-17,1.0,0.0,1,1,1,0,2019,169.6025641025641,155.72051282051282,74.60512820512821,8.528205128205128,6.126153846153846,274.7948717948718,80.64871794871794,3760.7692307692305,153.5897435897436,7.487179487179487,2.111111111111111,1094400.0,1,1,2.6923076923076925,34.46153846153846,2,3,4.466666666666667,0.0
0.0,0.0,0.0,6.938893903907228e-18,0.0,1.3877787807814457e-17,0.0,0.0,0.0,0.0,1.0,0.0,1.3877787807814457e-17,0.0,0.8571428571428572,2.168404344971009e-19,0.1428571428571429,0.0,2.7755575615628914e-17,1.0,0.0,1,1,1,0,2017,183.44285714285715,155.78571428571428,72.87142857142857,8.628571428571428,6.071428571428571,543.2857142857142,82.42857142857143,3471.4285714285716,347.2857142857143,8.0,0.5555555555555556,4262400.0,0,1,4.571428571428571,73.14285714285714,5,8,5.014285714285714,0.0
0.1,0.0,0.06666666666666665,0.18888888888888886,0.04444444444444446,0.12222222222222223,-3.469446951953614e-18,0.11111111111111113,0.11111111111111112,0.01111111111111111,0.0,0.0888888888888889,0.011111111111111113,0.14444444444444443,0.1777777777777777,-4.336808689942018e-19,0.8222222222222222,0.48888888888888893,0.3222222222222222,0.18888888888888888,-3.469446951953614e-18,1,0,0,0,2015,146.5811111111111,136.7788888888889,68.82111111111111,10.057777777777778,4.655555555555555,211.94444444444446,63.36888888888889,1982.9444444444446,103.77777777777774,3.3777777777777773,1.7777777777777777,409845.33333333326,1,1,0.8499999999999996,7.566666666666663,2,2,3.6977777777777776,0.0
0.0,0.0,0.0,0.0,0.0,0.3448275862068965,3.469446951953614e-18,0.10344827586206896,0.0,0.0,0.4137931034482759,0.03448275862068967,0.034482758620689655,0.06896551724137931,0.7586206896551724,0.0,0.24137931034482757,0.1724137931034483,0.0,0.8275862068965516,0.0,1,1,0,0,2018,477.9999999999999,250.51724137931035,162.94137931034484,6.896551724137931,10.565517241379311,290.1034482758621,79.49310344827586,7630.3448275862065,473.1034482758621,7.448275862068965,1.6,4096000.0,0,0,4.9655172413793105,87.72413793103448,2,4,4.741379310344827,0.0
0.0,0.0,0.0,-6.938893903907228e-18,0.0,-1.3877787807814457e-17,0.0,0.0,0.0,0.0,1.0,0.0,0.0,0.0,1.0,0.0,0.0,0.0,-2.7755575615628914e-17,1.0,0.0,1,1,1,0,2019,184.8,158.94,75.2,7.86,6.5600000000000005,514.0,89.72,4120.0,345.368,8.0,2.111111111111111,4377600.000000001,0,0,8.8,204.8,5,7,5.0,0.0
0.2941176470588236,0.0,0.0,0.23529411764705882,1.3877787807814457e-17,0.0,3.469446951953614e-18,1.3877787807814457e-17,0.058823529411764705,0.11764705882352944,0.0,6.938893903907228e-18,0.0,0.29411764705882354,0.9999999999999999,2.168404344971009e-19,1.1102230246251565e-16,-2.7755575615628914e-17,2.7755575615628914e-17,1.0,-3.469446951953614e-18,1,1,0,0,2020,160.32941176470587,145.45294117647057,70.5764705882353,9.635294117647058,5.344705882352941,201.94117647058823,71.7764705882353,2360.0,79.41176470588238,4.470588235294118,2.0,460800.0,1,1,1.1764705882352942,19.764705882352946,3,1,4.270588235294118,0.0
0.0,0.0,0.07142857142857142,6.938893903907228e-18,0.0,0.07142857142857142,0.0,0.0,0.0,0.2857142857142857,0.2142857142857143,0.0,0.2857142857142857,0.07142857142857144,1.0,2.168404344971009e-19,0.0,0.0,2.7755575615628914e-17,1.0,0.0,1,1,1,0,2018,166.92857142857144,152.35,72.98571428571428,8.071428571428571,6.085714285714285,415.1428571428571,83.12142857142857,3526.4285714285716,350.0135714285714,8.0,2.111111111111111,2462400.0,0,0,4.714285714285714,80.0,3,5,4.828571428571428,0.0
0.04761904761904762,0.0,0.14285714285714282,0.0,2.7755575615628914e-17,0.2857142857142857,0.0,0.23809523809523808,0.14285714285714285,0.0,0.09523809523809526,0.04761904761904762,1.3877787807814457e-17,0.0,0.5238095238095238,0.0,0.47619047619047616,0.4285714285714286,2.7755575615628914e-17,0.5714285714285714,0.0,1,0,1,0,2016,329.23333333333335,212.47142857142856,127.32380952380953,7.895238095238096,8.19047619047619,279.1904761904762,71.87142857142857,4590.47619047619,249.04761904761904,6.666666666666666,1.6,2304000.0,0,1,2.4761904761904763,20.952380952380953,1,2,4.285714285714286,0.0
0.0,0.0,0.0,0.0,0.0,0.0,0.0,0.0,0.0,0.0,0.0,0.0,0.0,0.9999999999999999,1.0,0.0,0.0,0.0,0.0,1.0,0.0,1,1,1,1,2022,228.0,163.9,76.03750000000001,8.825000000000001,6.8,400.0,89.6,5500.0,678.75,8.0,2.2222222222222223,2767680.0,0,0,11.0,272.0,2,6,5.3,0.0
0.06060606060606061,0.0,0.0,0.0909090909090909,0.060606060606060615,0.2121212121212121,0.030303030303030297,0.030303030303030304,-1.3877787807814457e-17,0.12121212121212122,0.24242424242424246,0.0,0.030303030303030304,0.12121212121212123,0.9999999999999999,-2.168404344971009e-19,-1.1102230246251565e-16,-5.551115123125783e-17,-2.7755575615628914e-17,1.0,0.0,1,1,0,0,2019,173.6,158.4818181818182,74.75151515151515,8.554545454545455,6.262121212121212,274.5151515151515,81.31212121212121,3803.3333333333335,127.21727272727273,7.151515151515151,0.5555555555555554,1123200.0,1,1,2.909090909090909,43.63636363636363,2,3,4.581818181818182,0.0
0.10204081632653061,0.0,0.10204081632653061,0.040816326530612235,1.3877787807814457e-17,0.12244897959183672,3.469446951953614e-18,0.18367346938775508,0.06122448979591837,0.020408163265306124,0.34693877551020413,1.3877787807814457e-17,1.3877787807814457e-17,0.020408163265306138,0.30612244897959184,2.168404344971009e-19,0.6938775510204082,0.5918367346938775,0.12244897959183675,0.2857142857142858,0.0,1,1,0,0,2015,345.1204081632653,205.0122448979592,127.46938775510203,8.96326530612245,7.883673469387755,194.75510204081633,69.35918367346939,4368.265306122449,207.75510204081633,4.244897959183674,1.6,1024000.0000000001,0,1,1.4489795918367347,15.755102040816325,1,2,3.8489795918367347,0.0
0.0,0.0,0.0,0.0,0.0,0.0,0.0,0.0,0.0,0.0,0.0,0.0,0.0,1.0,1.0,0.0,0.0,0.0,0.0,1.0,0.0,1,1,1,1,2023,228.0,163.9,76.3,8.3,6.8,452.0,89.3,5100.0,649.0,8.0,2.2222222222222223,3528000.0,0,0,12.0,256.0,3,6,5.3,0.0
0.0,0.0,0.0,0.0,0.0,0.0,0.0,0.0,1.0,0.0,0.0,0.0,0.0,0.0,0.0,0.0,1.0,1.0,0.0,0.0,0.0,1,1,0,0,2012,144.0,132.125,69.525,8.625,4.7,318.0,68.45,2100.0,285.0,3.5,1.6666666666666667,983040.0,1,1,2.0,22.0,1,4,4.0,0.0
0.0,0.0,0.0,0.0,0.0,1.0,0.0,0.0,0.0,0.0,0.0,0.0,0.0,0.0,1.0,0.0,0.0,0.0,0.0,1.0,0.0,1,1,1,0,2019,198.0,158.1,73.1,8.925,6.53,409.0,94.1,4500.0,1277.5,8.0,0.5555555555555556,2822400.0,0,0,9.0,224.0,4,8,5.1,0.0
0.0,0.0,0.0,0.0,0.0,0.0,0.0,0.0,0.0,0.0,0.0,0.0,0.0,1.0,1.0,0.0,0.0,0.0,0.0,1.0,0.0,1,1,1,0,2017,170.0,147.5,72.7,8.5,5.73,403.0,81.7,3100.0,360.0,8.0,1.8888888888888888,2203200.0,1,0,6.0,64.0,2,5,4.1,0.0
0.0,0.0,0.25,0.08333333333333331,0.0,0.24999999999999997,0.0,0.25,0.0,0.0,0.0,0.0,0.16666666666666666,0.0,1.0,0.0,0.0,0.0,2.7755575615628914e-17,1.0,0.0,1,1,1,0,2018,181.25,158.46666666666667,77.29166666666667,8.075,6.369166666666667,392.41666666666663,83.45,3814.1666666666665,305.0,8.0,0.7777777777777778,2424960.0,0,0,4.666666666666666,69.33333333333333,3,5,4.725,0.0
0.0,0.0,0.0,0.0,0.0,0.0,0.0,0.125,0.0,0.0,0.875,0.0,0.0,0.0,1.0,0.0,0.0,-2.7755575615628914e-17,2.7755575615628914e-17,1.0,-3.469446951953614e-18,1,1,1,0,2019,188.25,160.5,80.625,8.275,6.1,275.5,74.6125,3400.0,171.24375,6.5,0.6944444444444444,1066400.0,0,1,2.375,30.0,2,3,4.5125,0.0
0.0,0.0,0.0,0.0,0.0,1.3877787807814457e-17,0.0,0.0,0.0,0.0,1.0,0.0,1.3877787807814457e-17,0.0,1.0,0.0,0.0,0.0,2.7755575615628914e-17,0.0,1.0,1,1,1,1,2021,223.33333333333331,163.83333333333334,77.73333333333333,8.633333333333333,6.833333333333333,498.66666666666663,90.6,4833.333333333334,609.5166666666667,8.0,0.33333333333333326,4446720.0,0,0,9.333333333333332,170.66666666666663,6,7,5.166666666666666,0.0
0.0,0.0,0.0,0.0,0.0,1.0,0.0,0.0,0.0,0.0,0.0,0.0,1.3877787807814457e-17,0.0,1.0,0.0,0.0,0.0,2.7755575615628914e-17,0.6666666666666666,0.33333333333333326,1,1,1,1,2020,225.33333333333331,162.9,75.5,9.333333333333334,6.76,456.0,94.1,4400.0,1196.6666666666665,8.0,0.5555555555555556,3725568.0,0,0,8.0,213.33333333333331,3,9,5.2,0.0
0.0,0.0,0.0,0.0,0.0,0.0,0.0,0.0,0.0,0.0,0.0,0.0,1.0,0.0,1.0,0.0,0.0,0.0,0.0,0.0,1.0,1,1,1,1,2023,188.0,152.8,71.5,8.2,6.36,460.0,89.3,4610.0,520.0,8.0,2.2222222222222223,3204000.0,0,0,8.0,256.0,4,8,5.4,0.0
0.0,0.0,0.0,0.0,0.0,0.75,0.0,0.0,0.0,0.25,0.0,0.0,0.0,0.0,1.0,0.0,0.0,0.0,0.0,1.0,0.0,1,1,1,0,2019,162.725,153.975,73.65,7.550000000000001,6.21,411.25,84.125,3380.0,335.0,8.0,0.33333333333333326,2498040.0,1,1,5.0,96.0,2,5,4.4,0.0
0.0,0.0,0.0,0.0,0.0,0.0,0.0,0.0,0.0,0.0,0.0,1.0,0.0,0.0,1.0,0.0,0.0,0.0,0.0,1.0,0.0,1,1,1,0,2020,178.0,159.0,71.0,8.7,6.2,295.0,79.5,3580.0,200.0,8.0,2.333333333333333,1209600.0,1,1,3.0,64.0,2,4,5.0,0.0
6.938893903907228e-18,0.0,0.0,-1.3877787807814457e-17,0.04347826086956523,0.0,0.08695652173913043,0.0,0.0,0.043478260869565216,0.47826086956521746,6.938893903907228e-18,0.2608695652173913,0.08695652173913046,0.9999999999999999,0.0,0.0,2.7755575615628914e-17,0.0,0.9565217391304348,0.04347826086956521,1,1,1,0,2022,200.34347826086957,165.3695652173913,76.6,8.830434782608696,6.593043478260869,400.3478260869565,82.69565217391305,4881.304347826087,201.90130434782608,8.0,2.2222222222222223,2600827.8260869565,0,1,4.739130434782608,87.65217391304347,2,4,4.8999999999999995,0.0
0.0,0.0,0.0,1.0,0.0,0.0,0.0,0.0,0.0,0.0,0.0,0.0,0.0,0.0,1.0,0.0,0.0,0.0,0.0,1.0,0.0,1,1,0,0,2018,159.0,151.0,71.0,9.0,5.5,260.0,72.8,2850.0,90.0,4.0,2.0,819200.0,1,1,1.0,8.0,4,3,4.0,0.0
0.0,0.0,6.938893903907228e-18,-6.938893903907228e-18,1.3877787807814457e-17,0.0,0.6666666666666666,0.0,0.0,0.16666666666666666,2.7755575615628914e-17,1.3877787807814457e-17,1.3877787807814457e-17,0.16666666666666669,0.8333333333333333,0.1666666666666667,0.0,0.0,2.7755575615628914e-17,1.0,3.469446951953614e-18,1,1,1,0,2022,192.7,164.86666666666667,76.0,8.608333333333334,6.611666666666666,266.6666666666667,83.81666666666666,5083.333333333333,127.49833333333333,7.166666666666666,2.2222222222222223,1160640.0,0,1,3.75,90.66666666666666,3,3,3.716666666666667,0.0
0.0,0.0,0.0,0.0,0.0,0.0,0.0,0.0,0.0,0.0,1.0,0.0,0.0,0.0,0.0,0.0,1.0,0.0,1.0,0.0,0.0,1,1,0,0,2010,111.0,113.5,55.0,12.75,3.2,146.0,46.7,1500.0,140.0,2.0,1.6666666666666667,96000.0,1,1,0.25,0.5,2,3,3.0,0.0
1.0,0.0,0.0,0.0,0.0,0.0,0.0,0.0,0.0,0.0,0.0,0.0,0.0,0.0,1.0,0.0,0.0,0.0,0.0,1.0,0.0,1,1,1,0,2018,175.0,162.1,75.0,8.6,6.0,402.0,77.1,4000.0,150.0,8.0,2.0,2354400.0,1,1,2.0,32.0,1,5,4.0,0.0
6.938893903907228e-18,0.0,0.0,0.0,0.07142857142857144,0.14285714285714285,0.0,0.49999999999999994,0.0,0.14285714285714285,0.1428571428571429,6.938893903907228e-18,2.7755575615628914e-17,1.3877787807814457e-17,0.9999999999999999,0.0,0.0,2.7755575615628914e-17,0.0,1.0,3.469446951953614e-18,1,1,1,0,2021,497.6428571428571,246.48571428571427,167.21428571428572,7.585714285714286,10.722142857142856,217.64285714285717,80.5,7634.285714285714,300.7142857142857,8.0,1.6666666666666667,2400000.0,0,0,4.285714285714286,77.71428571428571,1,2,5.057142857142857,0.0
0.0,0.0,0.0,0.0,0.0,1.0,0.0,0.0,0.0,0.0,0.0,0.0,0.0,0.0,1.0,0.0,0.0,0.0,0.0,1.0,0.0,1,1,1,0,2018,172.5,152.05,72.35,7.75,5.949999999999999,418.5,81.2,3700.0,370.0,8.0,0.7777777777777778,2419200.0,0,0,5.0,64.0,3,6,4.2,0.0
0.0,0.0,0.05882352941176471,-6.938893903907228e-18,0.0,0.0,0.0,0.029411764705882353,1.3877787807814457e-17,0.0,0.3529411764705883,1.3877787807814457e-17,0.4411764705882353,0.11764705882352941,0.9999999999999999,0.0,1.1102230246251565e-16,-2.7755575615628914e-17,0.0,0.9705882352941176,0.029411764705882353,1,1,1,0,2020,202.8235294117647,162.53235294117647,76.48823529411764,9.16764705882353,6.511176470588236,396.02941176470586,83.76470588235294,5384.705882352941,316.04323529411766,8.0,0.5555555555555558,2527200.0,0,0,5.352941176470589,104.47058823529412,2,4,5.026470588235294,0.0
0.0,0.0,-6.938893903907228e-18,-1.3877787807814457e-17,0.07692307692307694,0.1923076923076923,-3.469446951953614e-18,0.2692307692307693,0.07692307692307693,-6.938893903907228e-18,0.2307692307692308,0.07692307692307693,0.07692307692307691,0.0,0.5,0.038461538461538464,0.46153846153846156,0.3076923076923077,0.07692307692307693,0.6153846153846154,0.0,1,0,0,0,2017,503.48076923076917,244.99615384615387,166.3,7.911538461538461,10.084615384615384,224.73076923076923,73.33461538461539,7093.461538461539,283.0769230769231,6.769230769230769,1.6,2304000.0,0,0,2.923076923076923,33.53846153846153,1,2,4.4,0.0
0.022727272727272735,0.0,0.04545454545454546,0.022727272727272714,0.022727272727272735,0.13636363636363635,0.0,0.22727272727272732,1.3877787807814457e-17,6.938893903907228e-18,0.11363636363636367,0.04545454545454547,0.22727272727272727,0.13636363636363638,0.3181818181818181,0.0,0.6818181818181819,0.04545454545454547,2.7755575615628914e-17,0.9545454545454546,0.0,1,1,0,0,2016,183.1727272727273,157.35227272727272,78.78636363636363,8.229545454545455,5.740681818181818,385.9318181818182,73.2,4069.318181818182,258.40909090909093,7.636363636363637,1.7777777777777777,2073600.0,0,0,3.1818181818181817,36.18181818181818,3,4,4.1886363636363635,0.0
0.0413793103448276,0.0,0.041379310344827586,0.09655172413793103,0.14482758620689654,0.09655172413793103,-6.938893903907228e-18,0.07586206896551724,0.11724137931034487,6.938893903907228e-18,0.15172413793103454,0.13793103448275867,0.020689655172413793,0.07586206896551724,0.05517241379310345,-2.168404344971009e-19,0.9448275862068967,0.5241379310344828,0.2,0.27586206896551724,0.0,1,1,0,0,2013,138.5055172413793,138.31862068965518,69.23586206896552,8.942758620689656,4.79448275862069,307.15862068965515,66.17310344827587,2085.3448275862074,198.89655172413794,3.958620689655172,1.7777777777777777,921599.9999999999,0,0,1.389655172413793,13.387586206896557,2,3,3.7462068965517243,0.0
0.0,0.0,0.0,0.0,0.0,0.0,0.0,1.0,0.0,0.0,0.0,0.0,0.0,0.0,1.0,0.0,0.0,1.0,0.0,0.0,0.0,1,1,1,0,2015,666.8,246.9,179.1,4.7,10.1,299.0,66.9,200.0,380.0,4.0,1.6,4096000.0,0,1,4.0,64.0,1,2,4.0,0.0
0.0,0.0,0.0,-6.938893903907228e-18,0.05000000000000001,0.09999999999999999,0.0,0.25,0.049999999999999996,0.0,0.5,0.05000000000000001,0.0,0.0,0.09999999999999992,0.0,0.9,0.45,0.5,0.050000000000000044,0.0,1,1,0,0,2012,554.6899999999999,249.515,172.85000000000002,8.93,9.84,153.7,65.105,6927.0,274.0,3.3,1.6,1024000.0,0,1,1.25,15.999999999999996,1,2,3.505,0.0
0.0,1.0,0.0,0.0,0.0,0.0,0.0,0.0,0.0,0.0,0.0,0.0,0.0,0.0,0.0,0.0,1.0,0.0,0.0,0.0,1.0,1,1,1,0,2015,299.0,203.2,134.8,6.1,7.9,324.0,70.6,5124.0,360.0,2.0,1.3333333333333333,3145728.0,0,1,2.0,16.0,3,5,4.0,1.0
0.0,1.0,0.0,0.0,0.0,0.0,0.0,0.0,0.0,0.0,0.0,0.0,0.0,0.0,0.0,0.0,1.0,1.0,0.0,0.0,0.0,1,1,0,0,2011,607.0,241.2,185.7,8.8,9.7,132.0,65.1,6930.0,370.0,2.0,1.3333333333333333,786432.0,1,1,0.5,16.0,2,3,2.1,1.0
0.0,1.0,0.0,0.0,0.0,0.0,0.0,0.0,0.0,0.0,0.0,0.0,0.0,0.0,1.0,0.0,0.0,0.0,0.0,0.0,1.0,1,1,1,0,2020,641.0,280.6,214.9,5.9,12.9,265.0,85.4,9720.0,1000.0,8.0,1.3333333333333333,5595136.0,0,0,6.0,128.0,2,5,5.0,1.0
0.0,1.0,0.0,0.0,0.0,0.0,0.0,0.0,0.0,0.0,0.0,0.0,0.0,0.0,0.0,0.0,1.0,0.0,0.0,1.0,0.0,1,1,1,0,2013,132.0,124.4,59.2,9.0,4.0,326.0,59.9,1510.0,300.0,2.0,1.7777777777777777,727040.0,1,1,1.0,8.0,5,4,4.0,1.0
0.0,1.0,0.0,0.0,0.0,0.0,0.0,0.0,0.0,0.0,0.0,0.0,0.0,0.0,1.0,0.0,0.0,0.0,0.0,0.0,1.0,1,1,1,0,2018,469.0,240.0,169.5,7.5,9.7,264.0,71.6,8827.0,350.0,4.0,1.3333333333333333,3145728.0,0,1,2.0,32.0,3,5,4.2,1.0
0.0,1.0,0.0,0.0,0.0,0.0,0.0,0.0,0.0,0.0,0.0,0.0,0.0,0.0,1.0,0.0,0.0,0.0,0.0,0.0,1.0,1,1,1,0,2020,148.0,138.4,67.3,7.3,4.7,326.0,65.4,1821.0,162.9,6.0,1.7777777777777777,1000500.0,0,0,3.0,64.0,3,6,5.0,1.0
0.0,1.0,0.0,0.0,0.0,0.0,0.0,0.0,0.0,0.0,0.0,0.0,0.0,0.0,1.0,0.0,0.0,0.0,0.0,0.0,1.0,1,1,1,0,2019,483.0,250.6,174.1,7.5,10.2,264.0,74.4,8827.0,350.0,4.0,1.3333333333333333,3499200.0,0,1,3.0,32.0,3,5,4.2,1.0
0.0,1.0,0.0,0.0,0.0,0.0,0.0,0.0,0.0,0.0,0.0,0.0,0.0,0.0,1.0,0.0,0.0,0.0,0.0,0.0,1.0,1,1,1,1,2021,682.0,280.6,214.9,6.4,12.9,265.0,85.4,10758.0,1200.0,8.0,1.3333333333333333,5595136.0,0,0,8.0,128.0,2,4,5.0,1.0
0.0,1.0,0.0,0.0,0.0,0.0,0.0,0.0,0.0,0.0,0.0,0.0,0.0,0.0,1.0,0.0,0.0,0.0,0.0,0.0,1.0,1,1,1,1,2020,189.0,146.7,71.5,7.4,6.1,460.0,86.0,2815.0,445.0,6.0,0.5555555555555556,2962440.0,0,0,6.0,128.0,4,6,5.0,1.0
0.0,1.0,0.0,0.0,0.0,0.0,0.0,0.0,0.0,0.0,0.0,0.0,0.0,0.0,0.0,0.0,1.0,0.0,0.0,0.0,1.0,1,1,1,0,2014,331.0,200.0,134.7,7.5,7.9,324.0,71.7,6470.0,400.0,2.0,1.3333333333333333,3145728.0,0,1,1.0,16.0,3,4,4.0,1.0
0.0,1.0,0.0,0.0,0.0,0.0,0.0,0.0,0.0,0.0,0.0,0.0,0.0,0.0,0.0,0.0,1.0,0.0,0.0,1.0,0.0,1,1,1,0,2012,312.0,200.0,134.7,7.2,7.9,162.0,71.7,4490.0,300.0,2.0,1.3333333333333333,786432.0,0,1,0.5,16.0,2,3,4.0,1.0
0.0,1.0,0.0,0.0,0.0,0.0,0.0,0.0,0.0,0.0,0.0,0.0,0.0,0.0,1.0,0.0,0.0,0.0,0.0,0.0,1.0,1,1,1,1,2023,201.0,160.9,77.8,7.8,6.7,460.0,88.0,4383.0,970.0,6.0,0.5555555555555556,3606840.0,0,0,6.0,128.0,5,6,5.3,1.0
0.0,1.0,0.0,0.0,0.0,0.0,0.0,0.0,0.0,0.0,0.0,0.0,0.0,0.0,1.0,0.0,0.0,0.0,0.0,0.0,1.0,1,1,1,1,2020,164.0,146.7,71.5,7.4,6.1,460.0,86.0,2815.0,346.88,6.0,0.5555555555555556,2962440.0,0,0,4.0,64.0,6,6,5.0,1.0
0.0,1.0,0.0,0.0,0.0,0.0,0.0,0.0,0.0,0.0,0.0,0.0,0.0,0.0,1.0,0.0,0.0,0.0,0.0,0.0,1.0,1,1,1,1,2021,174.0,146.7,71.5,7.7,6.1,460.0,86.0,3240.0,479.0,6.0,0.5555555555555556,2962440.0,0,0,4.0,128.0,6,6,5.0,1.0
0.0,1.0,0.0,0.0,0.0,0.0,0.0,0.0,0.0,0.0,0.0,0.0,0.0,0.0,0.0,0.0,1.0,0.0,0.0,1.0,0.0,1,1,1,0,2014,172.0,158.1,77.8,7.1,5.5,401.0,67.8,2915.0,420.0,2.0,1.7777777777777777,2073600.0,1,1,1.0,16.0,3,6,4.0,1.0
0.0,1.0,0.0,0.0,0.0,0.0,0.0,0.0,0.0,0.0,0.0,0.0,0.0,0.0,0.0,0.0,1.0,1.0,0.0,0.0,0.0,1,1,0,0,2011,140.0,115.2,58.6,9.3,3.5,330.0,54.0,1432.0,190.0,2.0,1.5,614400.0,1,1,0.5,8.0,2,4,4.0,1.0
0.0,1.0,0.0,0.0,0.0,0.0,0.0,0.0,0.0,0.0,0.0,0.0,0.0,0.0,0.0,0.0,1.0,1.0,0.0,0.0,0.0,1,1,1,0,2012,662.0,241.2,185.7,9.4,9.7,264.0,65.1,11560.0,500.0,2.0,1.3333333333333333,3145728.0,1,1,1.0,16.0,2,3,4.0,1.0
0.0,1.0,0.0,0.0,0.0,0.0,0.0,0.0,0.0,0.0,0.0,0.0,0.0,0.0,1.0,0.0,0.0,0.0,0.0,1.0,0.0,1,1,1,0,2017,174.0,143.6,70.9,7.7,5.8,458.0,82.9,2716.0,199.0,6.0,0.5555555555555556,2740500.0,0,0,3.0,64.0,2,6,5.0,1.0
0.0,1.0,0.0,0.0,0.0,0.0,0.0,0.0,0.0,0.0,0.0,0.0,0.0,0.0,1.0,0.0,0.0,0.0,0.0,0.0,1.0,1,1,1,1,2022,682.0,280.6,214.9,6.4,12.9,265.0,85.4,10758.0,1450.0,8.0,1.3333333333333333,5595136.0,0,0,8.0,128.0,2,4,5.3,1.0
0.0,1.0,0.0,0.0,0.0,0.0,0.0,0.0,0.0,0.0,0.0,0.0,0.0,0.0,0.0,0.0,1.0,0.0,0.0,0.0,1.0,1,1,1,0,2015,713.0,305.7,220.6,6.9,12.9,264.0,77.0,307.0,850.0,2.0,1.3333333333333333,5595136.0,0,1,4.0,32.0,3,5,4.0,1.0
0.0,1.0,0.0,0.0,0.0,0.0,0.0,0.0,0.0,0.0,0.0,0.0,0.0,0.0,0.0,0.0,1.0,1.0,0.0,0.0,0.0,1,1,0,0,2010,730.0,242.8,189.7,13.4,9.7,132.0,63.3,6600.0,410.0,2.0,1.3333333333333333,786432.0,1,1,0.25,16.0,1,2,2.1,1.0
0.0,1.0,0.0,0.0,0.0,0.0,0.0,0.0,0.0,0.0,0.0,0.0,0.0,0.0,0.0,0.0,1.0,0.0,0.0,0.0,1.0,1,1,1,0,2014,437.0,240.0,169.5,6.1,9.7,264.0,71.6,7340.0,440.0,3.0,1.3333333333333333,3145728.0,0,1,2.0,16.0,3,5,4.0,1.0
0.0,1.0,0.0,0.0,0.0,0.0,0.0,0.0,0.0,0.0,0.0,0.0,0.0,0.0,0.0,0.0,1.0,0.0,1.0,0.0,0.0,1,1,0,0,2011,607.0,241.2,185.7,8.8,9.7,132.0,65.1,6930.0,200.0,2.0,1.3333333333333333,786432.0,1,1,0.5,16.0,2,3,2.1,1.0
0.0,1.0,0.0,0.0,0.0,0.0,0.0,0.0,0.0,0.0,0.0,0.0,0.0,0.0,1.0,0.0,0.0,0.0,0.0,0.0,1.0,1,1,1,1,2021,240.0,160.8,78.1,7.7,6.7,458.0,87.4,4352.0,709.99,6.0,0.5555555555555556,3566952.0,0,0,6.0,128.0,5,6,5.0,1.0
0.0,1.0,0.0,0.0,0.0,0.0,0.0,0.0,0.0,0.0,0.0,0.0,0.0,0.0,0.0,0.0,1.0,0.0,0.0,1.0,0.0,1,1,1,0,2015,143.0,138.3,67.1,7.1,4.7,326.0,65.6,1715.0,230.0,2.0,1.7777777777777777,1000500.0,1,1,2.0,16.0,4,6,4.2,1.0
0.0,1.0,0.0,0.0,0.0,0.0,0.0,0.0,0.0,0.0,0.0,0.0,0.0,0.0,0.0,0.0,1.0,0.0,0.0,1.0,0.0,1,1,1,0,2013,331.0,200.0,134.7,7.5,7.9,324.0,71.7,6470.0,270.0,2.0,1.3333333333333333,3145728.0,0,1,1.0,16.0,2,3,4.0,1.0
0.0,1.0,0.0,0.0,0.0,0.0,0.0,0.0,0.0,0.0,0.0,0.0,0.0,0.0,1.0,0.0,0.0,0.0,0.0,0.0,1.0,1,1,1,0,2019,188.0,144.0,71.4,8.1,5.8,458.0,82.1,3046.0,314.0,6.0,0.5555555555555556,2740500.0,0,0,4.0,64.0,4,6,5.0,1.0
0.0,1.0,0.0,0.0,0.0,0.0,0.0,0.0,0.0,0.0,0.0,0.0,0.0,0.0,1.0,0.0,0.0,0.0,0.0,0.0,1.0,1,1,1,0,2017,469.0,250.6,174.1,6.1,10.5,265.0,78.3,8134.0,730.0,6.0,1.3333333333333333,3709632.0,0,1,4.0,64.0,4,5,4.2,1.0
0.0,1.0,0.0,0.0,0.0,0.0,0.0,0.0,0.0,0.0,0.0,0.0,0.0,0.0,1.0,0.0,0.0,0.0,0.0,0.0,1.0,1,1,1,0,2019,456.0,250.6,174.1,6.1,10.5,265.0,78.3,8134.0,550.0,6.0,1.3333333333333333,3709632.0,0,1,3.0,64.0,3,5,5.0,1.0
0.0,1.0,0.0,0.0,0.0,0.0,0.0,0.0,0.0,0.0,0.0,0.0,0.0,0.0,0.0,0.0,1.0,0.0,0.0,1.0,0.0,1,1,1,0,2013,112.0,123.8,58.6,7.6,4.0,326.0,60.8,1560.0,330.0,2.0,1.7777777777777777,727040.0,1,1,1.0,16.0,3,5,4.0,1.0
0.0,1.0,0.0,0.0,0.0,0.0,0.0,0.0,0.0,0.0,0.0,0.0,0.0,0.0,0.0,0.0,1.0,0.0,0.0,1.0,0.0,1,1,1,0,2016,188.0,158.2,77.9,7.3,5.5,401.0,67.7,2900.0,320.0,4.0,1.7777777777777777,2073600.0,0,0,3.0,32.0,6,6,4.2,1.0
0.0,1.0,0.0,0.0,0.0,0.0,0.0,0.0,0.0,0.0,0.0,0.0,0.0,0.0,1.0,0.0,0.0,0.0,0.0,0.0,1.0,1,1,1,0,2018,631.0,280.6,214.9,5.9,12.9,265.0,85.4,9720.0,1100.0,8.0,1.3333333333333333,5595136.0,0,0,4.0,64.0,2,5,5.0,1.0
0.0,1.0,0.0,0.0,0.0,0.0,0.0,0.0,0.0,0.0,0.0,0.0,0.0,0.0,1.0,0.0,0.0,0.0,0.0,1.0,0.0,1,1,1,0,2017,148.0,138.4,67.3,7.3,4.7,326.0,65.4,1821.0,210.0,6.0,1.7777777777777777,1000500.0,0,0,2.0,64.0,4,6,5.0,1.0
0.0,1.0,0.0,0.0,0.0,0.0,0.0,0.0,0.0,0.0,0.0,0.0,0.0,0.0,1.0,0.0,0.0,0.0,0.0,0.0,1.0,1,1,1,0,2017,677.0,305.7,220.6,6.9,12.9,265.0,76.4,891.0,900.0,6.0,1.3333333333333333,5595136.0,0,1,4.0,64.0,3,5,4.2,1.0
0.0,1.0,0.0,0.0,0.0,0.0,0.0,0.0,0.0,0.0,0.0,0.0,0.0,0.0,1.0,0.0,0.0,0.0,0.0,0.0,1.0,1,1,1,1,2022,144.0,138.4,67.3,7.3,4.7,326.0,65.4,2018.0,199.9,6.0,1.7777777777777777,1000500.0,0,0,4.0,64.0,3,6,5.0,1.0
0.0,1.0,0.0,0.0,0.0,0.0,0.0,0.0,0.0,0.0,0.0,0.0,0.0,0.0,1.0,0.0,0.0,0.0,0.0,0.0,1.0,1,1,1,1,2022,240.0,160.7,77.6,7.9,6.7,460.0,88.3,4323.0,914.11,6.0,0.5555555555555556,3606840.0,0,0,6.0,128.0,4,6,5.3,1.0
0.0,1.0,0.0,0.0,0.0,0.0,0.0,0.0,0.0,0.0,0.0,0.0,0.0,0.0,0.0,0.0,1.0,0.0,0.0,0.0,1.0,1,1,1,0,2016,437.0,240.0,169.5,6.1,9.7,264.0,71.6,7306.0,690.0,2.0,1.3333333333333333,3145728.0,0,1,2.0,32.0,4,5,4.2,1.0
0.0,1.0,0.0,0.0,0.0,0.0,0.0,0.0,0.0,0.0,0.0,0.0,0.0,0.0,1.0,0.0,0.0,0.0,0.0,0.0,1.0,1,1,1,1,2023,171.0,147.6,71.6,7.8,6.1,461.0,86.4,3349.0,838.0,6.0,0.5555555555555556,3013524.0,0,0,6.0,128.0,5,6,5.3,1.0
0.0,1.0,0.0,0.0,0.0,0.0,0.0,0.0,0.0,0.0,0.0,0.0,0.0,0.0,1.0,0.0,0.0,0.0,0.0,0.0,1.0,1,1,1,1,2022,203.0,160.8,78.1,7.8,6.7,458.0,87.4,4323.0,550.0,6.0,0.5555555555555556,3566952.0,0,0,6.0,128.0,6,6,5.3,1.0
0.0,1.0,0.0,0.0,0.0,0.0,0.0,0.0,0.0,0.0,0.0,0.0,0.0,0.0,1.0,0.0,0.0,0.0,0.0,0.0,1.0,1,1,1,0,2019,226.0,158.0,77.8,8.1,6.5,458.0,83.7,3969.0,373.29,6.0,0.5555555555555556,3338496.0,0,0,4.0,64.0,4,6,5.0,1.0
0.0,1.0,0.0,0.0,0.0,0.0,0.0,0.0,0.0,0.0,0.0,0.0,0.0,0.0,0.0,0.0,1.0,0.0,0.0,1.0,0.0,1,1,1,0,2017,202.0,158.4,78.1,7.5,5.5,401.0,67.4,2691.0,340.0,6.0,1.7777777777777777,2073600.0,0,0,3.0,64.0,4,6,5.0,1.0
0.0,1.0,0.0,0.0,0.0,0.0,0.0,0.0,0.0,0.0,0.0,0.0,0.0,0.0,1.0,0.0,0.0,0.0,0.0,0.0,1.0,1,1,1,0,2018,208.0,157.5,77.4,7.7,6.5,458.0,84.4,3174.0,314.0,6.0,0.5555555555555556,3338496.0,0,0,4.0,64.0,3,6,5.0,1.0
0.0,1.0,0.0,0.0,0.0,0.0,0.0,0.0,0.0,0.0,0.0,0.0,0.0,0.0,0.0,0.0,1.0,1.0,0.0,0.0,0.0,1,1,0,0,2010,137.0,115.2,58.6,9.3,3.5,330.0,54.0,1420.0,200.0,2.0,1.5,614400.0,1,1,0.5,8.0,2,4,2.1,1.0
0.0,1.0,0.0,0.0,0.0,0.0,0.0,0.0,0.0,0.0,0.0,0.0,0.0,0.0,1.0,0.0,0.0,0.0,0.0,0.0,1.0,1,1,1,0,2021,487.0,250.6,174.1,7.5,10.2,265.0,73.8,8557.0,430.0,6.0,1.3333333333333333,3499200.0,0,1,3.0,64.0,2,5,4.2,1.0
0.0,1.0,0.0,0.0,0.0,0.0,0.0,0.0,0.0,0.0,0.0,0.0,0.0,0.0,1.0,0.0,0.0,0.0,0.0,0.0,1.0,1,1,1,1,2023,187.0,146.6,70.6,8.3,6.1,461.0,88.2,3274.0,1069.0,6.0,0.5555555555555556,3013524.0,0,0,8.0,128.0,4,6,5.3,1.0
0.0,1.0,0.0,0.0,0.0,0.0,0.0,0.0,0.0,0.0,0.0,0.0,0.0,0.0,0.0,0.0,1.0,0.0,0.0,1.0,0.0,1,1,1,0,2016,113.0,123.8,58.6,7.6,4.0,326.0,60.8,1624.0,140.0,2.0,1.7777777777777777,727040.0,1,1,2.0,16.0,4,5,4.2,1.0
0.0,1.0,0.0,0.0,0.0,0.0,0.0,0.0,0.0,0.0,0.0,0.0,0.0,0.0,1.0,0.0,0.0,0.0,0.0,0.0,1.0,1,1,1,0,2018,177.0,143.6,70.9,7.7,5.8,458.0,82.9,2658.0,224.52,6.0,0.5555555555555556,2740500.0,0,0,4.0,64.0,3,6,5.0,1.0
0.0,1.0,0.0,0.0,0.0,0.0,0.0,0.0,0.0,0.0,0.0,0.0,0.0,0.0,0.0,0.0,1.0,1.0,0.0,0.0,0.0,1,1,0,0,2011,137.0,115.2,58.6,9.3,3.5,330.0,54.0,1420.0,150.0,2.0,1.5,614400.0,1,1,0.5,16.0,2,4,2.1,1.0
0.0,1.0,0.0,0.0,0.0,0.0,0.0,0.0,0.0,0.0,0.0,0.0,0.0,0.0,0.0,0.0,1.0,0.0,0.0,1.0,0.0,1,1,1,0,2016,138.0,138.3,67.1,7.1,4.7,326.0,65.6,1960.0,180.0,4.0,1.7777777777777777,1000500.0,0,0,2.0,32.0,6,6,4.2,1.0
0.0,1.0,0.0,0.0,0.0,0.0,0.0,0.0,0.0,0.0,0.0,0.0,0.0,0.0,1.0,0.0,0.0,0.0,0.0,0.0,1.0,1,1,1,1,2021,204.0,146.7,71.5,7.7,6.1,460.0,86.0,3095.0,614.0,6.0,0.5555555555555556,2962440.0,0,0,6.0,128.0,5,6,5.0,1.0
0.0,1.0,0.0,0.0,0.0,0.0,0.0,0.0,0.0,0.0,0.0,0.0,0.0,0.0,0.0,0.0,1.0,0.0,0.0,1.0,0.0,1,1,1,0,2014,129.0,138.1,67.0,6.9,4.7,326.0,65.8,1810.0,100.0,2.0,1.7777777777777777,1000500.0,1,1,1.0,16.0,3,6,4.0,1.0
0.0,1.0,0.0,0.0,0.0,0.0,0.0,0.0,0.0,0.0,0.0,0.0,0.0,0.0,1.0,0.0,0.0,0.0,0.0,0.0,1.0,1,1,1,1,2021,141.0,131.5,64.2,7.7,5.4,476.0,85.1,2438.0,449.0,6.0,0.5555555555555556,2527200.0,0,0,4.0,128.0,6,6,5.0,1.0
0.0,1.0,0.0,0.0,0.0,0.0,0.0,0.0,0.0,0.0,0.0,0.0,0.0,0.0,1.0,0.0,0.0,0.0,0.0,0.0,1.0,1,1,1,1,2020,228.0,160.8,78.1,7.4,6.7,458.0,87.4,3687.0,501.89,6.0,0.5555555555555556,3566952.0,0,0,6.0,128.0,4,6,5.0,1.0
0.0,1.0,0.0,0.0,0.0,0.0,0.0,0.0,0.0,0.0,0.0,0.0,0.0,0.0,0.0,0.0,1.0,0.0,0.0,1.0,0.0,1,1,1,0,2013,469.0,240.0,169.5,7.5,9.7,264.0,71.6,8600.0,350.0,2.0,1.3333333333333333,3145728.0,0,1,1.0,16.0,2,3,4.0,1.0
0.0,1.0,0.0,0.0,0.0,0.0,0.0,0.0,0.0,0.0,0.0,0.0,0.0,0.0,1.0,0.0,0.0,0.0,0.0,0.0,1.0,1,1,1,0,2019,194.0,150.9,75.7,8.3,6.1,326.0,79.0,3110.0,288.99,6.0,0.5555555555555556,1483776.0,0,0,4.0,64.0,6,6,5.0,1.0
0.0,1.0,0.0,0.0,0.0,0.0,0.0,0.0,0.0,0.0,0.0,0.0,0.0,0.0,0.0,0.0,1.0,0.0,0.0,1.0,0.0,1,1,1,0,2012,112.0,123.8,58.6,7.6,4.0,326.0,60.8,1440.0,340.0,2.0,1.7777777777777777,727040.0,1,1,1.0,16.0,2,4,4.0,1.0
0.0,1.0,0.0,0.0,0.0,0.0,0.0,0.0,0.0,0.0,0.0,0.0,0.0,0.0,1.0,0.0,0.0,0.0,0.0,0.0,1.0,1,1,1,1,2023,221.0,159.9,76.7,8.3,6.7,460.0,89.8,4441.0,1299.0,6.0,0.5555555555555556,3606840.0,0,0,8.0,256.0,4,6,5.3,1.0
0.0,1.0,0.0,0.0,0.0,0.0,0.0,0.0,0.0,0.0,0.0,0.0,0.0,0.0,0.0,0.0,1.0,0.0,0.0,1.0,0.0,1,1,1,0,2015,192.0,158.2,77.9,7.3,5.5,401.0,67.7,2750.0,240.0,2.0,1.7777777777777777,2073600.0,1,1,2.0,16.0,4,6,4.2,1.0
0.0,1.0,0.0,0.0,0.0,0.0,0.0,0.0,0.0,0.0,0.0,0.0,0.0,0.0,1.0,0.0,0.0,0.0,0.0,0.0,1.0,1,1,1,1,2020,135.0,131.5,64.2,7.4,5.4,476.0,85.1,2227.0,287.0,6.0,0.5555555555555556,2527200.0,0,0,4.0,64.0,6,6,5.0,1.0
0.0,1.0,0.0,0.0,0.0,0.0,0.0,0.0,0.0,0.0,0.0,0.0,0.0,0.0,0.0,0.0,1.0,1.0,0.0,0.0,0.0,1,1,1,0,2012,662.0,241.2,185.7,9.4,9.7,264.0,65.1,11560.0,400.0,2.0,1.3333333333333333,3145728.0,1,1,1.0,16.0,2,3,4.0,1.0
0.0,1.0,0.0,0.0,0.0,0.0,0.0,0.0,0.0,0.0,0.0,0.0,0.0,0.0,1.0,0.0,0.0,0.0,0.0,0.0,1.0,1,1,1,0,2019,300.5,203.2,134.8,6.1,7.9,324.0,70.6,5124.0,450.0,6.0,1.3333333333333333,3145728.0,0,1,3.0,64.0,3,5,5.0,1.0
